{
  "ludvina": [48.035108, -97.368604],
  "strathmore": [51.0086, -113.3994],
  "Bincl": 77.7797,
  "Bdecl": 5.15,
  "lower_alt_km": 140,
  "height_km": 50,
  "feat1lat": 55.0,
  "feat1lon": -100.0,
  "feat2lat": 55.05,
  "feat2lon": -100.05
}